x,y,z
93.56961711922105,258.5084886395696,a
131.10928227926988,229.18900375054932,a
141.53925899017997,252.50455436030634,a
174.47297826981887,311.5818131743504,a
106.6635978391729,267.8184354474677,a
142.6302186431672,243.3067616340726,a
156.52318438124803,265.363334907326,a
161.43231483299186,293.84754553747746,a
166.13921644816833,295.44121783964187,a
189.84989313579382,329.48037682761526,a
189.42784025639156,360.69122455400606,a
174.3550996991822,282.5557912139376,a
197.03933073963466,413.3400408212092,a
232.01668767017955,420.5769871599553,a
204.94507168061875,376.64531924737776,a
255.90814471787107,429.5710057252163,a
281.6193885164439,368.4244555107553,a
282.41923345642095,411.8165184935348,a
316.23874981407914,425.584781849489,a
295.97440932039257,418.71151087761166,a
316.76162377848556,387.290748555184,a
331.80469252414963,388.504215424472,a
334.4832675965714,409.07466330665983,a
321.8401347347276,428.05386909639896,a
376.91345319721006,388.2413961460358,a
323.5265976550629,394.80576288275154,a
379.4924652993917,326.12693944191926,a
379.9765383653688,281.6056047551901,a
397.1260345455832,248.12969401344148,a
419.2737094675912,265.3014824948244,a
399.35882844519784,192.73797364082407,a
459.46573767173544,165.71341563870482,a
462.3819263445702,165.0241512918563,a
403.34446377472153,165.90461291920406,a
419.90685380445825,152.10578373228657,a
399.9209687436515,182.30380127418556,a
403.2700087320494,174.75581165222343,a
373.75231614929794,145.8803124275302,a
382.1974305246228,184.218347070915,a
363.76641025653026,169.3675178503088,a
318.1460956236362,122.48497788179469,a
285.01487618330646,148.9349631465044,a
326.6607375987355,142.85779312361808,a
264.2674496917398,115.91817396492127,a
257.8171576465379,126.95614756868525,a
323.4352712616561,207.4303611640671,a
310.05717837759045,219.92819877541854,a
267.436274867284,270.4556129055982,a
367.5222503212027,173.66550565505145,a
405.7196592679571,195.16039060882525,a
364.8164221561287,289.8561549711203,a
332.98824587584187,233.14573653539617,a
381.61498772356936,183.84027633263452,a
414.4320578442208,198.05411444584928,a
410.10833916144406,238.15661441277257,a
438.73060681592915,154.21709181046236,a
416.5850038186908,201.46451596923595,a
426.8464854718576,165.79281146947568,a
442.31331153185545,157.3013301342429,a
370.6318185699219,156.17951780387108,a
423.054667889145,142.32157185598209,a
418.4435188675906,149.487490110186,a
407.77700483089467,159.39568489339,a
395.383343784222,146.4190927632588,a
410.2663617526506,101.39132629577028,a
447.87884015232476,161.8367021319159,a
380.64915779141955,130.26182359196093,a
332.7662466540234,168.29418717014687,a
370.17820845011704,197.18594077762782,a
323.9110288711445,177.0835786532224,a
366.83521524666077,220.0909335075466,a
351.22980863619205,205.69038832668946,a
329.8277606416401,224.3147659821396,a
311.66510244281596,276.3040551189407,a
355.48369470074107,263.07506119234586,a
330.92570099411046,242.27524917597992,a
369.39849088037056,286.9317831443094,a
354.380216044417,302.42044194365263,a
358.665095574403,283.89223456037917,a
376.3519616337013,294.1999558813198,a
361.78429672168346,332.7882594718667,a
369.8615214181321,320.1363653803532,a
370.09305349365496,330.33928235841654,a
407.71048532938016,318.51399471888976,a
432.9195841740909,293.9381333224056,a
482.8977034800854,337.42853963422715,a
433.9472165852871,319.81103990510667,a
498.3505123173258,356.8187394448796,a
476.86905517156094,258.6275992300655,a
471.7949035513478,362.2211449747382,a
515.6849028950858,369.6570763295036,a
481.8956724265033,340.3018874548304,a
495.9654734747932,317.4486429855147,a
476.1999609317587,334.30487675811173,a
526.9634679758739,313.752553489829,a
503.65012922070747,358.4729570152674,a
528.1132257774693,316.49576551854,a
548.4180678264108,346.3490208203449,a
554.0038869850209,348.522126936095,a
502.22028072884746,330.8318280438663,a
509.7024591049569,362.63930146131116,a
492.01743164523316,323.696306738653,a
541.7873875634754,319.76728559978005,a
465.79478339932155,267.21475452067114,a
403.9186702150192,279.2231766122442,a
316.94185416287,289.8230366779196,a
235.54123172769286,216.3966739679525,a
119.65332114164859,297.2563733474764,a
38.58550204849304,287.88456873762084,a
221.78005343590584,385.94417341155383,a
221.55799606900047,367.27639190904085,a
189.6820668850923,377.36827615565585,a
187.16656682275467,365.9280204880358,a
174.10023381559571,396.3191912034998,a
182.6339305578917,381.8096195457242,a
188.14917412497988,373.367459457986,a
216.56638742855463,397.4837557834419,a
246.59962358593984,350.867011912361,a
224.13036685597768,335.0538706093306,a
213.81331963441792,356.11251358915865,a
194.16779726462016,388.0045455169492,a
231.28680830853378,365.9906992473096,a
199.13343617231706,390.12405418264433,a
231.6593927749223,380.70831800130765,a
198.8411067786468,374.38551851445544,a
274.21173895372226,411.1487684342063,a
273.6175652694053,359.71498399879914,a
263.47438218946394,369.0591414140488,a
272.9846646011649,348.610420162437,a
257.0177396829121,348.7118530271522,a
283.4101757898609,384.81280256809674,a
293.06443614656996,355.8820061447654,a
276.78535605940334,368.40641375585517,a
267.72679709081376,340.8919626652861,a
289.42463239630376,373.94836388837484,a
282.21844993115593,285.80474596870937,a
310.2935604884195,322.64504078901587,a
300.77949920718,323.44154811379906,a
326.61805544786694,298.99451178717493,a
319.30789405061546,266.3488955975117,a
317.32205419403965,314.58006942408684,a
378.62430079418874,259.09004311525405,a
372.9611131551382,278.834819140224,a
345.9911212795139,238.27092874899176,a
373.8312891568116,250.05293588340066,a
398.6925211044568,215.05512165263326,a
404.10719629438,259.2543910036314,a
385.3283690094725,220.86836195981635,a
399.0357907604715,245.6530114266484,a
366.5650255775537,255.69065164284046,a
377.71827924898014,236.58160240724987,a
451.7986554408957,226.1103843199162,a
375.6680972888656,233.56464990925457,a
437.4331866894661,181.47004333038717,a
367.2150084649835,152.91248452208043,a
396.4405632131834,169.9027159156321,a
393.90719081590544,178.10242114216607,a
385.6430636409856,233.64971054528854,a
418.0848432176798,186.2320166566115,a
345.32566964200424,141.332922424294,a
360.4800075799938,165.8664269138581,a
320.66190225849596,187.88266524207972,a
331.77573561736824,177.05871412325342,a
321.97761195085957,186.63649755770751,a
344.41926333827126,179.01606044484345,a
309.22574387026697,173.92948413569155,a
329.82153672486265,211.40678900512046,a
327.7275084456499,214.12335285114523,a
267.10668661967463,288.43991921961685,a
262.0837565464221,245.21754893951038,a
316.6548198729632,256.5791191048113,a
297.5784357711678,256.4694542163478,a
276.9081123284569,241.58437999366492,a
302.6572745067371,263.24719720479277,a
325.25804597836526,240.83684535230418,a
301.6782588263194,230.68138595343868,a
292.34591434831896,263.32614167614844,a
348.2261985942468,260.3776352244852,a
255.46158329383698,263.55468175563226,a
269.4764758288718,258.84986776694666,a
266.60987552204733,250.47580323866757,a
286.0413323590544,234.61858756415484,a
291.71197444998,256.1495269618381,a
307.22976215700066,279.04111935660774,a
301.36636717268806,206.08334528595668,a
288.4159518680072,292.1722061859804,a
307.3342157158109,224.98352387874735,a
233.3443918744149,303.53300510422514,a
269.35846402342924,222.87676773175536,a
200.33985802274125,296.1813092051482,a
173.66957683076345,234.20883205657373,a
88.5610833402772,282.24579306545127,a
292.19133332786504,322.72931614235017,a
302.59512209990623,277.3731811870523,a
331.39426211695945,255.2526165027233,a
336.6099294100118,230.1193313187428,a
309.57214379138287,251.23735449909236,a
267.7767387961546,244.65535610046885,a
244.14723386709915,310.0831187925415,a
226.8985030940476,254.7474843577246,a
269.14424474699285,221.91996633638263,a
234.7844830727805,240.2285523017747,a
229.73970687773277,281.2819318927915,a
219.0319302918223,281.6019991839805,a
226.11697287440577,270.3323504266467,a
259.62408083308713,275.8610012527021,a
253.8642785566509,212.54823685767462,a
215.40303039171908,277.7273198316167,a
181.7151806805818,337.747715364233,a
156.2683879976366,330.2987594151199,a
157.89866202581982,292.8182616174365,a
194.7582509052739,306.92538358661443,a
120.6590407174918,390.27413611724944,a
97.74052208048408,403.53058253440327,a
117.51331536172707,379.46910698779925,a
128.3495735380004,408.97546336652033,a
131.16843784343854,401.497645309345,a
118.30649140037976,428.5262206343024,a
116.504733116169,440.07677608152125,a
95.55956565521775,394.9790590130931,a
83.82736089553433,409.95725308257386,a
127.46483820601821,426.9796929503325,a
123.79605431561646,467.9704725836125,a
137.11791066142868,498.80475833106533,a
159.59903982440727,471.8671174732922,a
160.2112880942061,498.41927228708994,a
142.02401120505752,476.43344001365796,a
455.96422949662275,417.2656142969124,a
391.1147290485528,346.1037263073085,a
409.00330733168175,368.21835073862917,a
445.39282544335526,364.9575833120241,a
439.8059303347905,416.7598487022621,a
467.8256673779533,377.819952531806,a
509.8521947559128,393.80443779472006,a
457.61299222776285,350.8926611136222,a
524.1764901678388,383.18413384696174,a
547.5567104934535,394.6454409321851,a
555.6040785380006,343.4084655712674,a
569.3185526530244,327.90723125418725,a
606.6138784303347,362.93435199367246,a
619.6318267871051,435.6830565114609,a
604.5209341788196,376.4215634204801,a
653.9560152299215,407.7863035930158,a
640.848358607036,378.0004596207402,a
664.0708746310004,365.32788579031495,a
675.082591716543,369.1159427524233,a
616.4914880569587,366.95113778595334,a
659.2321498229371,351.4254204483864,a
664.5947619635455,379.72512471767914,a
658.1054399907904,385.2089329953841,a
610.4210704677014,346.8017254071136,a
544.7757187411389,343.2025545541964,a
551.7707137320508,326.7506571900702,a
542.3936422253686,351.67122552466765,a
575.56909080954,356.36432569886665,a
591.3507703372771,311.1351442759191,a
594.4436561722182,355.1137958803684,a
579.8095200806757,353.38072014270097,a
591.7770270892979,306.3411961402684,a
587.383996796198,371.1239829531238,a
581.2264828536745,372.31578366548104,a
589.194215954901,355.8312410251997,a
607.5228525677587,337.0364581799518,a
578.5576746530465,320.76857959705785,a
572.0778184366656,327.9817351870715,a
618.2285632964547,309.58918073541815,a
604.3275424793934,315.30610205058724,a
608.2926602534938,307.34547465753235,a
609.3629157059427,332.963697954636,a
640.7099080440082,260.80678604174636,a
594.283210380499,293.8937124348305,a
638.0618702788463,297.28265705517856,a
578.3105073024316,296.2181310939287,a
570.7739168552412,279.00630168788746,a
658.2062819558714,227.77707384813095,a
614.2792307978272,258.27741083572994,a
619.1770807131164,245.48592881022225,a
649.6252346362097,195.5558381758275,a
601.0001768669013,226.81762405215665,a
611.6158861038849,236.22100376794907,a
609.6762483339279,271.5631100500685,a
633.1122743650545,227.37931772567458,a
629.9848181345754,256.7908929294322,a
664.7155815418787,212.78466160765674,a
626.3515224235065,198.8637857716124,a
664.105611595578,115.09406677995577,a
642.2479393089909,138.40765552363217,a
661.6619984929999,130.94414081697,a
644.4270850713981,128.45945889916328,a
660.519585844389,127.92793585153566,a
606.6422627012248,60.71814860784366,a
634.5752254879183,72.53318284444003,a
601.511736652571,77.94804586858248,a
568.8506322153189,82.59379775419069,a
562.0745558743038,113.02530462928792,a
521.4103029392187,41.67023285012925,a
444.8853061927481,81.7371581680004,a
456.7995000133701,40.02466248963708,a
494.0493881889921,71.39973204890566,a
442.5399890453465,92.39372567145682,a
445.4342905563192,46.29159163934031,a
421.66999608541784,73.78322548720507,a
460.9254458404763,18.721198157143363,a
450.93295405500845,105.29602330806335,a
429.50345919624317,103.44265139114265,a
415.2920223273711,62.87765057251943,a
409.17970703880064,64.15203093879467,a
403.4733600766909,63.41871127240182,a
370.8531439390108,32.44348098348888,a
415.31620881633046,96.15968399598125,a
421.5518255572197,50.20718832329089,a
415.1779191524937,89.66117117281715,a
407.96709492049933,42.39189721757293,a
348.0760843464524,21.466320447294663,a
360.89225147043953,65.12958808634852,a
344.6139960384927,127.94226458561269,a
368.72782079812885,35.80492499127752,a
333.74455163737605,80.19572399580494,a
318.18358883956216,49.039045735216234,a
246.9549946721644,3.6796393155006513,a
295.0948334315082,39.17703411681924,a
250.4374008760786,34.83196880859401,a
212.30655508637338,22.16169510330542,a
207.52385696472052,60.070954160478664,a
197.27585890559632,42.61250826245242,a
192.14382893720534,28.48804509396257,a
182.52146166350767,28.11535761489614,a
179.61336149700963,68.2062429195459,a
176.07960961824645,79.8351720293366,a
164.82990192691025,94.71230308921224,a
207.15101407477871,75.14662327767178,a
135.69036234023847,42.88180193398955,a
132.51683563244842,77.73267654805494,a
151.6326860212326,86.52518126352959,a
151.2262184632453,62.166083066222086,a
103.9741106821076,97.61339878473729,a
135.02394952730157,96.11257134114715,a
99.0990324044678,58.22674261319651,a
131.15662228219097,96.69176334192838,a
145.23855253696607,122.28371849716962,a
122.92572644681752,88.85606879243028,a
131.73780566194327,109.18562236606357,a
110.9605768457871,117.78150765870083,a
100.4331160442809,111.70222820957423,a
122.3681598619239,96.66840066623115,a
121.64420183406835,109.61487998440128,a
-12.357623846979209,144.6866617423566,a
162.81906225195192,159.31726109654988,a
133.12057609826675,134.11708693852665,a
88.3153973238873,146.36742675180278,a
113.04331086225265,129.13962788096984,a
95.10387850333764,161.50981596414,a
129.1199111821518,131.85489183833937,a
124.35401266923634,145.90367203210104,a
135.32962871104965,152.31844637368056,a
81.7974166826562,125.16529206823924,a
147.55629891691228,133.2315063228803,a
98.03703745799241,123.43749698377684,a
97.48739879149838,128.63943652437234,a
49.86950836365919,200.39794328858176,a
73.57481228280011,118.91957840355855,a
89.40439537817684,144.06210112808446,a
79.98662413140545,158.48691488300983,a
119.22448061971504,188.9748627014984,a
108.2922596255104,163.34124151080522,a
84.18205497697915,122.30843125612705,a
110.57990133301044,194.1226397158062,a
77.85369971265135,150.12074103477534,a
136.94443219296187,148.40157199680772,a
89.61052624496824,187.2776747656137,a
114.6617589918504,157.45212516076884,a
37.84542920041106,193.9063407712447,a
85.30331077800457,224.40178956753812,a
74.73153244751406,156.3155323251769,a
59.46614057292079,213.22750198817357,a
119.70647484373683,213.41601142171606,a
84.94409533961436,241.83468911806926,a
93.12392859658587,172.84277759738006,a
132.67452810111317,194.54582459077534,a
123.34752807660296,261.79569386499935,a
64.88951474897652,173.03179076083745,a
115.26758729901385,237.00718407090483,a
189.4141839959085,229.04034859443004,a
115.02101438310825,206.2971968105876,a
106.29316289318189,211.33137802419554,a
136.83108070266582,201.91801910207397,a
147.48106120875474,161.1065637300033,a
145.17328064091598,254.67954816490104,a
137.96940220253438,251.28693220914872,a
131.74480643197742,168.90242412523293,a
139.365208992212,224.45365679886527,a
145.5717819593855,191.63087905104868,a
210.2828234269332,168.28299211196588,a
155.0764071320962,205.91369609225995,a
202.3836223972275,179.4347328370627,a
194.94224252143576,186.2573854293695,a
180.2181990187831,180.17103314217445,a
140.69954970090282,210.4943761649273,a
163.4701407920732,205.7145742452958,a
179.56641312680807,172.81895353398318,a
183.00685391767374,158.3432882077642,a
267.4911324738571,165.2076552086018,a
185.83499848454196,181.79374276390809,a
200.52865438330755,144.3245131180268,a
200.40627276384868,115.38886200676296,a
336.3029872134122,138.2895755910139,a
97.01245422405654,322.9441780678089,a
103.04976621183712,309.6808407211039,a
105.22657323527297,323.4205416013899,a
94.36872321425709,332.0318393940124,a
112.19904868084558,294.58901323288865,a
109.19655105310021,300.60509594247355,a
99.17180280923063,296.0779102643339,a
113.12899684343509,324.04360902368586,a
92.45438355737082,272.58192844902544,a
72.98013983452688,337.0993318755607,a
122.28472110757828,315.0686134767551,a
108.98953670968598,313.64404616334485,a
165.666000477447,381.08467471790374,a
115.91796330914313,355.3692591465908,a
117.47218817902053,351.6999878737935,a
162.36429260904617,264.7349869372236,a
144.684236929814,295.7414048876963,a
150.3776729523368,326.621257634421,a
130.27858109026673,316.038372871683,a
105.88081518073724,350.963392159644,a
117.25371480525294,308.684606178606,a
117.39091639136788,351.21825820837796,a
138.32080107482483,340.66511623075235,a
100.39581222614245,339.8187206130558,a
141.1422257437779,401.511920784622,a
129.1181852482048,421.9476451078275,a
110.09552458767051,360.00472279199573,a
96.18869718048393,397.1300478444049,a
98.09545090169667,363.13753073616874,a
160.96959447599446,379.74777590406853,a
76.30417889466209,406.8446691578678,a
147.76447259339452,386.7436067715023,a
83.5380257720293,363.5929696306674,a
101.60715977007138,418.1462186663125,a
91.09493901187314,392.1630934904759,a
44.51092982458436,407.7727679158182,a
94.04242335193929,402.3615469442939,a
110.19290454903373,416.31747026178505,a
106.21893618808245,432.4548234582688,a
136.45277653614977,455.7442737217716,a
156.37374818680743,401.46318020545004,a
77.14122576507387,473.93060466243526,a
112.24939295834217,462.78648656536853,a
86.3319273583491,430.2094145752226,a
124.21450271197115,459.1778935769596,a
169.0896425481878,492.40122582201644,a
138.1716607115864,439.06283074519433,a
108.55046970297458,399.42803485915897,a
166.45842437971467,490.4802594784386,a
126.7243639972474,475.02626295918276,a
129.65201360144962,418.21437943856813,a
133.33928336196016,426.7048935047884,a
116.4351758191801,432.4921626425225,a
154.68473593334275,437.0371574002137,a
143.69169186330356,483.9897499704085,a
180.00023012303814,484.096738880844,a
149.65322918105332,414.1371312136768,a
227.55807719470656,463.1219878106965,a
219.50048713053246,427.67812953882947,a
161.54321976117626,431.9982764014744,a
218.4367171697683,401.7758964220434,a
215.00455707115322,407.4860744055052,a
206.37893838932936,410.00568780031483,a
235.68898642932817,408.36651714927655,a
242.54150546103804,365.5375740378667,a
288.450864548662,428.3428927551476,a
285.5298262408157,453.64673671256713,a
309.40492755827955,373.7139221526708,a
263.3633527621773,360.22771461734203,a
264.2146200491597,393.8963560572524,a
301.4415810472141,402.29565564803784,a
263.7441936474263,419.2692467033653,a
350.7384096928782,382.9879665866041,a
318.1730978665988,374.0647514480798,a
343.98562676291033,398.30156516943896,a
378.9951658925234,374.04421296861267,a
342.005166407748,390.3035841490701,a
366.63909117974646,371.5319474792,a
393.3901203666272,403.0043064315809,a
438.56195966887907,394.45269694021306,a
478.34974839986796,356.08121211747357,a
441.89714346982265,391.4670711759678,a
476.4861120949723,375.72749220589975,a
499.45411570122144,393.467233407314,a
476.5586353916176,384.62234856962095,a
451.60045912928103,360.5498824858627,a
523.9269503750307,355.95577928013637,a
475.58975313394393,432.09568474879666,a
458.22772891749116,395.4105884584483,a
475.75913540043695,430.1469560511914,a
510.91944362358703,386.8378673580778,a
540.8716722617205,418.6943027332333,a
549.9449466028626,396.42310439160144,a
537.2950896350302,355.2155627532184,a
508.01468138348645,411.9901163439406,a
514.7451513331836,385.57456750915736,a
559.8474459080096,449.6273093584953,a
568.9549054700984,400.52479417294444,a
572.5690337125807,386.4650122962471,a
579.2856741774985,434.1218980514179,a
604.5331991577508,406.45226199486166,a
520.3300053882178,428.76391210313125,a
540.1890280110723,394.3185599376626,a
585.7109862607521,468.2349242327775,a
625.6543112275709,427.8205091198996,a
604.6602421509373,457.6700321745402,a
562.8624575090582,408.478112741005,a
573.4787786771955,412.59094271620233,a
569.5620597557898,440.1379165041418,a
605.225768467436,443.4130770404008,a
563.8840280611572,480.3326302198032,a
584.9093757030436,424.11609210461046,a
543.2683992355126,403.5859704190326,a
484.9108918192072,432.5472762846044,a
497.3700412575663,473.42780748734265,a
469.5881787394379,421.4985907127248,a
380.2438403649734,435.91248591085525,a
380.12150575056677,458.6873539121842,a
403.57064573497763,464.3055265513636,a
348.27309345981405,447.69984818183514,a
347.69942741726715,468.1244635204221,a
421.30675457883325,445.03958497350084,a
584.4933298579996,458.4640583302236,a
426.9791361356234,371.76284713615826,a
424.3060719358692,358.29850886961754,a
380.7511948425364,381.9435199372442,a
403.1950555643383,396.83497279188174,a
429.5226647380228,389.30676108885234,a
389.4465152585306,332.1969219446371,a
313.42099242694155,343.39499945245353,a
355.8115538828846,340.4910413508731,a
295.9204845657532,324.4285801889192,a
358.06384875440386,305.9958301101479,a
379.24829445875,310.8832474270621,a
370.58407076260033,309.71371033285175,a
379.4800615825302,343.3642914151036,a
354.7848668242427,386.04872319777945,a
323.02583136467643,346.4624669799034,a
370.47017153166775,332.0621367483486,a
373.13663074428433,398.8248919472773,a
488.7003164411673,430.67910865089124,a
535.7393329762093,466.6713404672128,a
492.4069428062492,497.0025381280373,a
503.45549295942925,421.138988793444,a
521.7167872334979,427.12300556894877,a
523.3291579790816,491.31463120873826,a
459.5513868807361,473.9251631692804,a
470.7936732811422,471.6002208276858,a
482.2849887225199,435.5739063080652,a
444.3990292818841,439.32580711460326,a
380.35192662681936,427.47706047282145,a
389.60912703745515,412.9722236852756,a
355.4352430560715,497.87461462942235,a
372.46938180586966,463.7773637588895,a
322.085487729294,469.4286257214304,a
281.5305097267824,435.4864846400469,a
288.10185714397716,435.9915465576404,a
263.24163061897667,479.7450249258167,a
230.69897851268303,418.5170579734718,a
162.39777953559124,439.47616163888773,a
245.80888340479194,424.69404033676915,a
161.60901714119257,452.69221511152114,a
132.25911817732444,447.71522412821275,a
163.71883304111194,436.72121400345003,a
134.51760420459743,472.02092172281084,a
111.49708399217579,473.3111039815742,a
89.64849710884059,487.03474059411496,a
106.78680211078053,450.29067503503427,a
100.21593778006499,486.75108852089943,a
75.8539728539673,482.98672030126346,a
112.48938027741349,461.40827253769635,a
99.87081376448548,455.9185751035326,a
120.44007124549918,498.5503797332161,a
106.97509129295932,457.7235883691757,a
149.77825631355455,485.9488924347157,a
149.79947678360531,464.5116501002416,a
362.0851143439917,484.99076491292027,a
310.61345505537116,496.282698567334,a
306.563767548985,474.6634878863149,a
289.07275692641895,487.3212360558052,a
228.05020445473932,440.54895144158985,a
206.80401374289164,486.6669382248887,a
191.17120128006886,488.8590592759466,a
166.4462620975527,458.620676154195,a
139.95385557372398,452.07733254633735,a
83.38429331826309,486.82859282205385,a
94.4827579698007,455.2969504674202,a
59.47008284162828,441.55554073099,a
99.74665163757804,486.955174143652,a
122.97415427342489,501.37231409623496,a
98.95662732223612,450.9571466391042,a
130.70156916162844,436.8744306685665,a
83.83815659330061,440.585349896737,a
77.30355053969046,424.36014318925675,a
93.55283268109805,515.3846140051754,a
53.79451315887003,441.2379237031656,a
70.32325895936629,447.2376780131361,a
76.8531504335558,501.697150052198,a
94.67587542239076,476.1696893134923,a
78.47246472197433,504.1941787954869,a
90.84586694088188,466.90095715657844,a
72.86082470618254,448.6043118410599,a
55.738315835205334,398.2886372045681,a
59.144224187554315,505.21402171232666,a
49.65014783461937,457.08379273266615,a
48.18953988071532,489.52115397046947,a
117.79228735530253,453.03972750507506,a
65.97357046817447,480.8073367312447,a
60.17241809133977,459.4042161980486,a
56.81057120089202,484.5055193935751,a
44.48489591508888,461.7851433839644,a
74.16819703113183,477.24396493783877,a
85.26186243117282,499.43111294991166,a
31.34201742598761,454.9473283628836,a
80.76698692599342,485.16809584880826,a
48.133942082763234,509.1300673758145,a
59.78738588796099,493.34291287772203,a
57.68684723232684,502.29393772157135,a
-4.513432954765008,466.50307360732353,a
27.77735487593225,525.0115556110467,a
20.44702460175663,496.3778839926191,a
28.63251767429272,529.2444325258292,a
55.57319295243198,478.28066965387876,a
44.436408348155936,492.20585966345715,a
17.274920693795888,448.32221987043994,a
-11.77616100037103,485.31808185592917,a
28.43177724137992,477.8887902611698,a
33.12380968507429,488.7319456376683,a
-12.194276280696961,480.26549897037734,a
-22.33412622171784,505.09048227844676,a
81.48425136203713,479.4538417777709,a
15.615751006346429,470.04177353914025,a
35.26745767252809,508.3434751483842,a
18.220611471815616,467.05608955843945,a
27.535283566996906,484.1954939122149,a
22.91087200930385,502.69969631795385,a
-11.781618259836637,541.008048748091,a
21.531615395526202,472.7246490140803,a
7.847236029468466,489.73805318478156,a
2.5599969977008175,455.6415470220703,a
-24.136686184070207,484.7666293890597,a
37.58930614439899,390.0916024692184,a
29.028867344629003,364.98816540877544,a
46.75952887122954,347.8202474571312,a
45.56560175345673,399.50559704902435,a
10.023126780056739,389.9310196108787,a
77.76835735578831,383.56418091707053,a
26.12365047048125,425.4799851829688,a
-23.034811324289606,375.6372225015405,a
1.9206855438306913,404.524406351205,a
-50.23996745525793,401.25314460444065,a
12.394729846389179,344.4558551158601,a
10.62934581564329,350.5764741200853,a
-17.513683660019502,382.7781478707573,a
2.883620855799286,401.82180028191874,a
20.48125157179777,330.8609232687502,a
49.51889469050174,378.4461521460854,a
46.41601685691896,363.41170448416426,a
27.496554880501062,329.5086291463507,a
58.821182388701565,356.1940169639157,a
29.067688558742816,351.3884202269671,a
27.66730010742757,398.09823559582946,a
27.663024663119373,395.0688181535513,a
59.42319366134744,354.6802176160535,a
19.631481704722056,335.52799476556254,a
26.353737902278915,378.8965738020287,a
36.43971132860885,347.3728129920292,a
75.56704858635108,382.20139309045874,a
13.928321278704981,329.77020430727885,a
52.6337484451096,323.89865658325357,a
92.84253596581542,315.3298404610747,a
71.11888466705737,316.2006083515609,a
11.867910354032162,327.07217213034846,a
17.1830552219406,325.8123253767478,a
30.78014412311848,351.3536170410728,a
6.875212139054703,315.12915310066387,a
48.45195315227216,341.7728943972975,a
34.40953255586741,296.09594307634643,a
25.312745969231436,275.61125607888164,a
27.305193239674473,300.1631430185098,a
28.957339679299615,272.561547652394,a
23.738621414461658,325.3799645645619,a
16.72612567779322,282.883966014449,a
-17.638866069348147,259.1662680840958,a
43.241375234768526,299.80110669592386,a
17.887622385219768,265.7422987723027,a
-6.714231919504908,273.7048313493251,a
-23.416751401222797,282.07369702216874,a
24.11186799810979,276.7068918409568,a
-0.8923236790719713,253.7336845984628,a
4.917981509015615,240.18305107738786,a
49.98540503597813,230.97889173506297,a
13.87893564876959,270.20576826485177,a
47.5766391494753,269.9898937850753,a
30.76210270763276,267.704501580748,a
28.460748394417962,207.2641222601235,a
-21.750941078373145,206.5294125537265,a
32.30674315116088,231.34173823473463,a
13.942599776003313,186.73135894350617,a
54.663088492306684,151.72180475963359,a
106.14027958384717,206.32006600702516,a
54.75943055140297,188.17594412513182,a
19.575767819724454,166.28427140721135,a
35.3729698342729,147.99158079692648,a
123.80368499202088,175.17027738243087,a
5.449473468085973,159.89440855306168,a
79.42344517383683,121.5407509210537,a
-4.2325635097043985,166.56800517377843,a
33.02320855853082,161.1017832366249,a
30.349253675490345,166.98746208713152,a
-3.1958567071553645,148.59242009801898,a
-6.050147055946965,102.50805222554203,a
49.14132147253483,133.08797134586047,a
47.84156347240922,144.4539825162637,a
21.861099822593662,106.60594613678848,a
62.388547943179205,124.95243410230393,a
35.859307684030604,224.88102634042968,a
9.440237290968875,132.06164482168668,a
14.350590414616452,103.91880416626668,a
44.50588170272372,124.41808836211874,a
6.679422742262096,99.66515660002375,a
16.13859232418105,109.8893949313474,a
49.77897180514192,143.44227035933136,a
21.018752667969505,44.91335684743757,a
2.0878891448092354,107.72991027561102,a
-3.699829841424691,118.63805890256333,a
17.944381267854066,122.59549374419532,a
57.12693475112771,99.30176414810705,a
29.020750397044395,100.51900930160667,a
6.347035069827298,125.7190079522689,a
15.515243197218858,114.39364224407836,a
-1.7194676784598357,146.38999117332799,a
-9.336346233063786,92.0373277793093,a
61.39294109846121,125.1626990751268,a
34.85907933038079,98.16184031500404,a
29.34525407871257,41.87892436378661,a
75.12670438496254,74.43458962005269,a
60.88010722121705,60.609657143179106,a
15.619557834064722,63.30882352489044,a
64.75007144361888,133.78060713874623,a
73.16293182829406,65.80573225373621,a
582.4475308333405,379.40595830379766,c
656.0926161370805,436.9625036070828,c
625.1179776003776,392.87197797640124,c
635.422679911859,403.6708106315059,c
615.8296692879703,399.0784675923579,c
593.4171808323181,452.83300271980977,c
701.257167548589,425.3866449920183,c
656.4458414043967,495.37764360311274,c
609.902377678584,461.7382175248988,c
654.2444778515085,505.84789826246674,c
613.5403759527436,475.72207581680294,c
677.7559492858009,519.5012647393025,c
624.8027763972598,487.2698027098226,c
631.2542743417563,534.2958594781488,c
713.8178389410426,437.17456540620697,c
659.7165526262468,507.12773173138413,c
649.8168604553491,484.35460481239846,c
688.7008895687048,507.3936051815442,c
658.3626258580987,513.7313461548678,c
682.3306613697382,470.3800801582821,c
681.7906204219886,443.4796068078241,c
680.4112859987315,467.5614666377943,c
647.347038407754,457.57697022781184,c
696.6923531985974,426.9960579551421,c
678.8869485930846,438.1774905982342,c
691.0914101417062,426.6353052614873,c
721.2639233821703,418.43588290749483,c
615.3933968634531,441.7876802744588,c
695.2219557007872,375.6842541485664,c
676.4246197530439,399.5792519492928,c
666.3298794177455,394.9704792517822,c
674.8148475964778,351.81283928808944,c
673.2712130522478,390.87487568427866,c
645.1036888428547,339.61735976624374,c
718.455922276189,315.1954937124236,c
678.5550021669155,323.8924570821576,c
668.2980543754463,295.2888276544919,c
652.811505449173,214.13858846026835,c
681.7026977947787,231.291985736083,c
664.978830274561,171.86691582032654,c
642.9314035929712,136.07455220396974,c
652.4109628862702,140.09678985725753,c
702.7059830775554,50.000542522301885,c
676.8352879887814,106.92416504213088,c
662.2113505592102,15.129303432067218,c
659.5109177850153,13.968590957756135,c
600.8565696021767,249.14694190138025,c
581.8913036412371,238.34026825609817,c
559.1622666692942,240.25969072519405,c
553.7120737231726,261.5475918572651,c
545.3832493707437,203.55739910710025,c
502.49280209629455,208.54328299518596,c
535.0385508867575,195.50543739042945,c
484.615547556501,270.9532381139134,c
530.7142617368846,246.0240060371234,c
581.7381010003801,258.70118071643026,c
541.209007839412,323.951391261407,c
509.207886056176,295.8588200892906,c
282.67306966866533,382.5534867964555,c
366.77202055282567,340.4586217618323,c
399.63175578539324,315.52678177490793,c
439.3292251496652,289.79504327796906,c
474.2502700606055,247.80250196844665,c
453.598066412403,296.06679291310155,c
403.93382752372804,351.10419021239596,c
306.2110650631866,314.02673588928855,c
286.2563268081098,298.03064616872416,c
266.48389470539314,290.9427302751093,c
321.821983421685,245.70585834404713,c
366.9953485329049,199.77745047658027,c
360.59456319389847,239.1811189204413,c
156.289968984388,253.33938000384052,c
160.24389598707,266.69106576927595,c
288.74989496077336,223.0184349309016,c
396.8801289922927,179.5586352659065,c
568.9265060905342,165.86076256403493,c
530.5792973875641,207.35412535305886,c
602.8277163571789,188.76349018828262,c
375.6489558287678,225.50507894306514,c
313.24151585530836,254.28740750047598,c
356.94908230655267,257.68845748917477,c
588.7432667085586,171.60010923697598,c
627.0790311592284,209.98915872260932,c
594.8392074161898,181.47273942056603,c
628.2892986662607,180.64661830391685,c
608.8745176735957,193.15885849450444,c
594.8957870923629,157.03486637001646,c
569.7292002898618,169.6043627509663,c
593.3370988278688,175.08888165959422,c
605.8163585479687,172.56610011506672,c
570.937483938883,164.05156291416358,c
613.6390214465804,168.27303691538543,c
622.5780871978052,149.1746464576854,c
649.72384657351,187.30641996561246,c
636.8447707693188,236.10919491846914,c
609.6625778227617,202.2665546858343,c
599.5364998962222,182.53329990149484,c
434.3927093894808,240.7406793828447,c
401.25098218313406,193.08229137997188,c
378.7314604338639,210.11822883701035,c
435.1966387110086,232.18420207825687,c
505.645039108786,218.2206153476243,c
516.4518833391251,171.62750561320217,c
536.4741420623243,167.15154052063468,c
535.390596273822,158.03543122704457,c
494.35028606249057,177.30349110916552,c
481.3287238186055,187.58646852656454,c
436.47797344207066,134.80446215311173,c
453.0736222885181,129.44742788843178,c
479.1692793332653,153.9358078927429,c
556.7535728164074,148.39763099453097,c
534.8186221916602,113.90310023341425,c
561.9928876120398,122.90795964213703,c
509.6970567211284,120.86277150102228,c
573.271671016677,120.50717553165867,c
566.0660579208267,76.49219107070581,c
557.2811029114016,93.25110441664583,c
560.5336265765144,122.81015974664564,c
510.9565323062764,112.98747555504036,c
433.4158238244344,121.1016505846219,c
421.849070875846,130.03930248908665,c
468.17490445800985,118.96159528479126,c
647.9751411762945,63.67943031537601,c
717.970571210332,36.4325113477268,c
640.8386621814481,72.69050916743322,c
509.549118735987,90.66193136938222,c
517.5769512030197,51.32227897723112,c
516.463022332722,76.65009568194472,c
574.8660238167907,45.35519808694568,c
553.3806337405542,36.89181783763746,c
526.6228155339865,6.690765643833231,c
518.5132227403726,58.833648954385524,c
471.9657571581284,24.560079987364873,c
432.7911505320593,49.91248220212253,c
435.2623977631389,68.42173912284659,c
420.9706579574819,61.22494434609143,c
334.3351712850386,116.35936395861398,c
301.54322162980753,80.30483770692007,c
313.06530797228436,38.57103384788837,c
395.16611940038615,100.45993553105848,c
366.12123843472204,95.34122371873679,c
371.7415536446854,134.99567214671714,c
384.12679934607195,92.36843234583114,c
469.0210391185622,117.55487331363958,c
460.6574796834903,146.82422144895799,c
454.23455049718626,130.85536834580938,c
211.8522691509335,133.73098514759369,c
114.43452475245354,158.14711659892606,c
108.5221514126361,164.52922086367113,c
16.944419880728905,184.54696282451835,c
122.02398642074384,91.46429896677887,c
395.79818063149594,93.80343855608817,c
445.51923345708394,92.51154427650607,c
478.338476229893,42.64548983217276,c
464.9617719859644,92.98032563665959,c
350.0428398885437,74.30926828374237,c
261.458168655146,74.0191902331594,c
141.60638711451264,103.23086818529157,c
108.90773314591516,64.73689951770871,c
240.9688221640111,38.841506409042324,c
320.09670714591095,22.42304861117543,c
414.14793842740096,16.84884472074981,c
443.74973648535274,-34.98431639426303,c
412.926531233106,45.36236358815631,c
340.9879894762609,42.39145900684866,c
270.15790710430014,11.613054915934015,c
334.66407871806393,-8.293408737962466,c
368.8046097637191,49.929617496256924,c
399.6055781822285,39.19256631462429,c
347.14901990593796,74.05289686708846,c
267.0523606105346,49.55014973339246,c
285.81962616063356,55.695815435199734,c
327.06714388021146,10.486273302524353,c
388.9610400434017,73.88064962447913,c
474.9804836325899,81.2207373522919,c
403.60678597409543,128.1071804758853,c
195.75310866161513,141.3185576741261,c
-0.9649903632697372,199.39317233980546,c
11.594016868669573,226.2919948250008,c
230.43230955793453,216.06670426060361,c
294.42194971633876,188.6661502526875,c
300.306610547338,177.2246123078853,c
292.46032441066944,226.93477287945245,c
211.57680643934964,240.65961865325562,c
70.36316251128304,212.9258314961632,c
58.839822814164684,174.27337228354185,c
134.37118225347405,232.91084899818946,c
377.90774962237344,163.31037251386329,c
443.78518801098903,159.0098749100568,c
504.7153124787129,120.54001917633514,c
462.2255125430841,140.66542002046526,c
311.0017380512788,193.8356290737638,c
18.749388822011674,152.10665066741728,c
52.23651873350312,222.77827295029437,c
109.87943493391437,238.8127482865304,c
350.9696181842885,76.53907243914011,c
407.9994168037427,98.88754733470836,c
442.3694881963241,158.0411603035642,c
-10.506978031770558,257.9156398833903,c
621.2106935113071,459.1016594161182,d
442.8716026742175,467.2129682133511,d
394.8106375278611,436.7601345404004,d
426.960678907835,483.38469125226993,d
454.82790609303663,484.6549414025609,d
632.7506487186399,477.08104149189757,d
669.6840792421992,438.47937528578626,d
657.847150968126,483.41836680959017,d
634.5882921421659,510.20201801893444,d
584.2844476289289,452.6914278473434,d
590.4670974655706,477.0338451391773,d
651.3374836854125,501.06517172004453,d
618.669420760528,464.0533989780509,d
632.4146937468536,489.8339806909995,d
592.3403406154516,485.4640786073115,d
563.1668817370745,514.3403715374036,d
566.112346827277,395.0346781078297,d
519.527590099776,497.85843785172466,d
510.7934798111474,471.3928562980891,d
529.2732148134626,487.3996801426667,d
509.15045149589736,429.6028510056425,d
527.5126161447955,493.5721039726612,d
560.7475409797007,465.1270093307974,d
469.9353152729849,492.748701470676,d
480.01719603755373,506.5577126097942,d
521.7774769218796,443.7978307433576,d
542.4887997490453,494.5825740593403,d
532.0548539962813,470.32902531597546,d
510.41563649307386,425.9492824529988,d
496.258746627688,429.10877504634254,d
480.1577088240975,467.5952519400929,d
424.1308396996177,484.49889592765714,d
393.59546194950605,461.7737398143226,d
456.7035593720201,487.9940923290915,d
413.27909366816624,450.4580193519237,d
422.1019521258527,434.39760581086944,d
401.57395659662456,514.538753733254,d
384.35457897854167,480.4410661241601,d
337.8738804992251,481.2556808575453,d
389.7782719334462,496.6550444499462,d
458.83327440128124,494.0069281177034,d
402.1082632343429,479.1513325553956,d
457.13555668050606,482.57781621206635,d
470.9298796551272,480.2495181439413,d
337.2733558622168,477.0709720203377,d
378.22415937465576,481.66260342757437,d
314.69933316622826,474.38968727794094,d
299.7565733429062,466.7070783574248,d
291.49296506195736,418.52012675326074,d
333.7275376723495,445.2282675213402,d
316.904552205342,431.93767401128633,d
383.4934890037197,379.384536255552,d
279.38232887946106,459.9608247201651,d
313.69736081706793,483.09721242663187,d
238.01645020140754,495.78590601072733,d
248.35546324801177,466.0300528300844,d
240.7047935020662,474.4432099551961,d
194.35203074688118,484.29346687815257,d
174.72412004333108,498.73455750944834,d
183.50381480836575,460.2708380875051,d
175.278795330506,439.21151995831656,d
150.85168933139573,464.3877869503229,d
172.2965353057646,463.76726749172764,d
140.09530800030637,491.3638343077837,d
225.10865853685144,477.34522425634367,d
166.42473296956015,535.3421718713839,d
259.12354577034137,510.04416886987576,d
243.24329344446912,470.46935813987267,d
274.966752800047,468.2015410618769,d
265.87501193647745,477.9476161431504,d
292.3565580899895,518.0497208092917,d
240.37912332900157,481.2716074544597,d
170.69148822593866,424.2194998327283,d
188.9854864604029,387.2438067011932,d
112.40218444219799,408.5760869113794,d
61.70989696270401,306.5575355824321,d
128.73141113738563,321.85725853084114,d
100.0938312785878,353.1046186794216,d
136.95427386797732,300.15218461518464,d
106.17327428797267,263.13584180176093,d
82.00138287999152,257.701861428177,d
90.58544967353944,300.09097366984525,d
150.72953414434667,315.3760467445799,d
155.6007247810426,339.97978096247954,d
152.50705617085887,369.23111669743446,d
193.25983721964963,365.71163998546825,d
83.44821388504755,311.63142791023074,d
133.60189594020716,299.06784229673724,d
110.87464568345818,317.2821021039125,d
213.41036276093598,336.13305910871605,d
399.1539360472707,409.50416518947657,d
617.4080222474848,389.99807589036004,d
631.0501720505528,416.4539458984189,d
598.2994145751138,421.60473248349535,d
575.5543479387763,380.70744803658306,d
375.0892540495553,310.1984683597641,d
368.28984275596224,332.39594701898443,d
342.85196913535043,286.71911765413824,d
315.92763804833186,279.8821796333782,d
367.3786732725207,307.8324348004293,d
310.8356130807725,345.45125090321267,d
164.17280377490437,288.92871701257286,d
180.01027540126648,278.99921614800456,d
226.7947265023899,293.82643419788633,d
233.26072897476067,350.4056488586317,d
187.75691880013636,343.7964483206341,d
66.94943577977486,298.3416777316884,d
514.5884907341605,327.76992631696567,d
528.3992849293205,294.8212778981929,d
563.1386617351566,296.8955313493447,d
554.3193822480462,278.6366143220734,d
544.7270138329807,318.23253618065905,d
572.1592351193754,314.7870142243013,d
502.83892389979036,292.0769314905359,d
453.5795923600996,287.23927931768117,d
460.0506651894427,247.70538007265566,d
407.0687696965725,281.4791198419772,d
392.2681957429015,168.13144502601,d
339.802161918785,213.4257215986691,d
388.7499882232843,218.68405745480078,d
452.18255314991205,291.9897444594493,d
529.6762162010147,302.58930999054564,d
503.64633667057524,273.8245612720028,d
488.2512043456426,253.7639166009062,d
456.5208585465479,268.31697039876445,d
466.3864890047412,199.67714191933624,d
498.021065598521,275.19935682271205,d
578.5473052297114,282.76464818061487,d
608.5142709994309,264.06603935878024,d
598.0109184011447,292.5456493888155,d
558.3538730247662,295.0628690620721,d
518.7614487384147,242.4447120762917,d
476.1598891032194,212.3418937730795,d
555.4557653765567,239.95376706194122,d
582.427710560009,238.3277760917781,d
646.4730310502687,283.68835734871845,d
506.9230517726365,200.84295823788017,d
355.81454615160106,180.92831508858762,d
346.22879907438465,247.36191007798288,d
403.0405062343197,211.46410765938475,d
513.3508442166202,270.12869754915823,d
546.963683390344,312.80099154160814,d
450.8147485457967,261.6935310285697,d
389.80844293646237,196.22487063717006,d
394.6102906209479,189.3757653171068,d
475.50207845648225,155.46499803237026,d
448.46051563953245,189.35273241977887,d
494.110263224252,196.69910579598763,d
486.56049850508964,168.48661875810745,d
526.7355441576938,150.95894223922056,d
572.6295377289606,141.27383665426993,d
517.3145135032223,187.7658136072032,d
551.0095355629774,199.85011315706254,d
531.6793693807524,174.78119383742978,d
561.7888384719043,191.84549779987725,d
600.9219645719686,220.45404768081534,d
624.9523050041296,245.789189138721,d
605.6450232316968,171.11159257688405,d
598.6951563469938,190.03454015627187,d
565.5559786227503,192.07085613623434,d
641.8936374921959,185.05493880860712,d
566.4733628023521,207.52188649041932,d
583.0238487789186,217.3308647299391,d
571.1419706029133,220.26264244183642,d
524.0234367264687,174.4135486714918,d
545.328030786958,150.07734790769518,d
491.43190480086884,175.31840720706185,d
584.7934293269599,171.02068901437843,d
602.2875916146915,163.66472097446137,d
500.5762544636666,235.61279217063225,d
607.6174975508287,33.50300876552791,d
583.6376909493897,61.76581809599463,d
568.1457034050059,90.91114035514386,d
577.3896051884687,140.29243586630827,d
547.4854101383248,69.18503814926953,d
568.9108280907463,60.23190701286853,d
605.4000916556531,65.5438120725986,d
631.966986193986,175.15082636518912,d
690.0463389021638,159.65182674660514,d
680.6947959061446,136.73282216439935,d
663.3447677586915,203.04138740620346,d
589.1571603986783,124.25846936164828,d
643.7306212244447,118.73564321973743,d
617.1734036550066,88.27371889580849,d
639.3542421481026,92.40214642917397,d
681.7619471148466,205.36588579119518,d
669.9443932593947,185.38030048555794,d
682.3386789721999,131.7508093737074,d
634.226488393693,112.86616499183145,d
637.3150009181063,74.56372123556582,d
716.7488294913621,84.32877632707039,d
717.7345302293186,104.72800305279765,d
728.0481270032678,113.82093449397934,d
709.538621373291,153.6646811221595,d
579.8697945117094,72.11282550295562,d
620.968470267544,72.67633515616063,d
600.7903145946798,89.64823297726207,d
622.0440016727068,67.42308772068253,d
610.281042447595,93.98457766624449,d
598.6273759174885,86.5010922758562,d
564.4341515866184,114.5701683689918,d
627.196198995259,129.3923848476698,d
604.1087118946856,118.15290789803123,d
574.3722935026632,137.81732501317555,d
607.6506877817919,117.47364449516334,d
583.5958955480975,141.57162928362902,d
647.4067979336329,109.29306679776943,d
642.1964434327991,112.56942947093773,d
616.3717416195317,118.68743711205622,d
618.075369827564,139.42673591263252,d
601.9764621602037,174.8428299925542,d
642.135400477639,79.37396584578914,d
514.9060524097546,140.97877218958394,d
485.6696649804601,105.3260055804351,d
502.022254144136,130.26281261269457,d
538.096217068121,218.40673826064443,d
570.7264206151135,152.6464167340966,d
526.0146385883141,216.11095992138786,d
522.2570750691398,139.44795138249322,d
447.74734887735457,137.18416068467974,d
222.56349406803932,21.930906931044888,d
198.71710782371494,78.9603679653826,d
185.77284437617692,17.84988362343813,d
167.0075826634637,93.14912396150464,d
51.71624789650272,23.626226522184027,d
76.37372324232926,27.081647742199152,d
127.39127018066017,42.81787764286679,d
116.5832621609842,35.98803979985178,d
110.70478167084809,94.12591882886608,d
160.7935400011686,75.98206783050085,d
154.562630597177,66.48358359973321,d
122.57613487443066,41.03365039203692,d
102.19178118347011,41.3013032474837,d
89.88263444940355,72.24239749463561,d
76.77736191909935,101.90187001108666,d
112.45349513159671,107.60187855011179,d
211.2551983033014,183.71554953281418,d
251.27929030811487,135.0627798154191,d
234.2216706651283,143.0852041164278,d
256.986755850195,227.5657859921463,d
326.31667385703673,194.17300456366434,d
298.73443914443175,186.9060016576604,d
144.58116802543202,136.1322694690977,d
59.44157076808913,118.28516272422542,d
74.84501153895081,56.40307536191517,d
39.02266917252648,169.74266549089708,d
210.93761809706558,141.74466672693956,d
165.84787496840002,206.46524033916592,d
155.6076325629199,194.74347254019546,d
172.876735047088,162.846401047178,d
145.47537433819525,141.71955413593992,d
146.43566340412025,106.98032224208151,d
244.03647768720904,187.92704783227055,d
254.486219932772,123.67547281716139,d
249.28663635343128,133.12459651273468,d
322.5728050131329,144.6273365869186,d
271.0158575631629,125.16943738120915,d
255.30146653002623,115.87119260826148,d
157.8706998453396,103.60895490064024,d
222.15918573855154,107.04619116999618,d
331.1933516682778,186.72078300757494,d
353.44801846040923,110.36779213295443,d
304.6856620719952,198.67730499231448,d
270.57638282218073,121.38298145543223,d
421.83770424197195,132.71480259351063,d
477.2351956273133,191.88906510998976,d
309.05898796100735,98.71582691153623,d
277.7039783421927,62.953882852447634,d
341.5440834217638,99.99603514374587,d
373.12461072191144,103.717910748733,d
449.21206950539346,71.06400240535288,d
444.3167701285021,107.22823849371139,d
387.1778935058413,131.82782551398253,d
309.37138642259316,107.67867357104376,d
365.7226096392303,79.06979769313267,d
391.6393881474937,130.38634784219778,d
380.8469223568546,80.18058995695753,d
374.75846059560155,85.94339524304297,d
285.1283556849447,103.13493096354392,d
168.12233521495094,6.006815223964679,d
163.48096660187173,36.64932972644914,d
116.03087741546591,48.084106611637424,d
182.33521146301504,87.24617308206035,d
204.10766382283035,90.19717101537498,d
205.74134448075378,112.66614529832867,d
187.0648495597479,97.42499757082703,d
191.81355962920122,74.3504286070401,d
224.7894030658024,67.3294284518231,d
240.67409838710012,104.32110554430284,d
275.03230825828985,166.631031137374,d
193.06590734486588,90.75417589307358,d
171.88007374503994,100.28207649720844,d
146.01756296828282,54.18761115937815,d
207.95977007111924,93.59257807070975,d
249.46311814570427,109.5864837563426,d
251.77027722458942,124.43847215130756,d
265.1376359173212,229.74971674456953,d
143.14444022735927,155.8376748289062,d
215.54130795266653,166.61138418957427,d
221.48848290386178,154.57021600361082,d
179.3867083691661,191.89117881438113,d
259.6254202278265,216.6916147275959,d
245.50397212893395,265.1173845854227,d
251.286500990183,229.00334156550042,d
197.27807396235926,202.47028703313293,d
206.91421437444285,234.87020054265042,d
220.08109523785916,256.17557001297047,d
270.64067644434925,265.5990990334983,d
281.9935499708553,276.140568138385,d
260.334055734379,279.5024781050048,d
145.99353715061233,255.05390963490882,d
